file_path,survey
patient_profile_more_about_you.csv,about_you
patient_profile_cancer_info.csv,about_you
patient_profile_provider_info.csv,about_you
patient_profile_supplemental_about_you.csv,about_you
quality_of_life_general.csv,quality_of_life
quality_of_life_mental_health.csv,quality_of_life
quality_of_life_physical_ability.csv,quality_of_life
quality_of_life_social_connectedness.csv,quality_of_life
quality_of_life_spirituality.csv,quality_of_life
family_history_biological_father.csv,family_health_history
family_history_biological_mother.csv,family_health_history
family_history_biological_siblings_intro.csv,family_health_history
family_history_other_family_members.csv,family_health_history
family_history_you.csv,family_health_history
social_determinant_social_and_community_context.csv,social_determinants_of_health
social_determinants_economic_stability.csv,social_determinants_of_health
social_determinants_education_access_and_quality.csv,social_determinants_of_health
social_determinants_health_care_access_and_quality.csv,social_determinants_of_health
social_determinants_neighborhood_and_built_environment.csv,social_determinants_of_health
